image,predictions
image1.jpg,13
image2.jpg,29
image3.jpg,7
image4.jpg,7
image5.jpg,37
image6.jpg,20
image7.jpg,31
image8.jpg,17
image9.jpg,21
image10.jpg,27
image11.jpg,2
image12.jpg,13
image13.jpg,14
image14.jpg,42
image15.jpg,36
image16.jpg,38
image17.jpg,35
image18.jpg,15
image19.jpg,3
image20.jpg,17
image21.jpg,9
image22.jpg,4
image23.jpg,21
image24.jpg,9
image25.jpg,24
image26.jpg,22
image27.jpg,31
image28.jpg,25
image29.jpg,18
image30.jpg,40
image31.jpg,8
image32.jpg,11
image33.jpg,39
image34.jpg,24
image35.jpg,36
image36.jpg,44
image37.jpg,28
image38.jpg,34
image39.jpg,3
image40.jpg,17
image41.jpg,24
image42.jpg,28
image43.jpg,44
image44.jpg,40
image45.jpg,14
image46.jpg,40
image47.jpg,43
image48.jpg,26
image49.jpg,10
image50.jpg,28
image51.jpg,38
image52.jpg,35
image53.jpg,18
image54.jpg,21
image55.jpg,11
image56.jpg,39
image57.jpg,3
image58.jpg,11
image59.jpg,36
image60.jpg,13
image61.jpg,36
image62.jpg,1
image63.jpg,35
image64.jpg,44
image65.jpg,22
image66.jpg,24
image67.jpg,42
image68.jpg,4
image69.jpg,26
image70.jpg,38
image71.jpg,32
image72.jpg,16
image73.jpg,11
image74.jpg,37
image75.jpg,12
image76.jpg,39
image77.jpg,29
image78.jpg,10
image79.jpg,9
image80.jpg,34
image81.jpg,13
image82.jpg,3
image83.jpg,5
image84.jpg,29
image85.jpg,44
image86.jpg,20
image87.jpg,3
image88.jpg,43
image89.jpg,9
image90.jpg,7
image91.jpg,13
image92.jpg,16
image93.jpg,17
image94.jpg,6
image95.jpg,3
image96.jpg,19
image97.jpg,2
image98.jpg,28
image99.jpg,34
image100.jpg,33
image101.jpg,19
image102.jpg,32
image103.jpg,2
image104.jpg,8
image105.jpg,34
image106.jpg,16
image107.jpg,23
image108.jpg,29
image109.jpg,28
image110.jpg,31
image111.jpg,18
image112.jpg,4
image113.jpg,35
image114.jpg,21
image115.jpg,31
image116.jpg,42
image117.jpg,7
image118.jpg,16
image119.jpg,7
image120.jpg,16
image121.jpg,28
image122.jpg,14
image123.jpg,9
image124.jpg,30
image125.jpg,3
image126.jpg,25
image127.jpg,39
image128.jpg,21
image129.jpg,23
image130.jpg,40
image131.jpg,2
image132.jpg,0
image133.jpg,23
image134.jpg,10
image135.jpg,5
image136.jpg,18
image137.jpg,1
image138.jpg,36
image139.jpg,15
image140.jpg,23
image141.jpg,8
image142.jpg,39
image143.jpg,33
image144.jpg,36
image145.jpg,15
image146.jpg,30
image147.jpg,40
image148.jpg,40
image149.jpg,23
image150.jpg,38
image151.jpg,18
image152.jpg,44
image153.jpg,12
image154.jpg,11
image155.jpg,39
image156.jpg,15
image157.jpg,0
image158.jpg,41
image159.jpg,8
image160.jpg,19
image161.jpg,41
image162.jpg,37
image163.jpg,31
image164.jpg,14
image165.jpg,41
image166.jpg,34
image167.jpg,6
image168.jpg,43
image169.jpg,1
image170.jpg,39
image171.jpg,1
image172.jpg,9
image173.jpg,11
image174.jpg,25
image175.jpg,37
image176.jpg,33
image177.jpg,20
image178.jpg,20
image179.jpg,39
image180.jpg,37
image181.jpg,39
image182.jpg,27
image183.jpg,6
image184.jpg,22
image185.jpg,4
image186.jpg,42
image187.jpg,33
image188.jpg,18
image189.jpg,27
image190.jpg,14
image191.jpg,11
image192.jpg,32
image193.jpg,32
image194.jpg,24
image195.jpg,40
image196.jpg,21
image197.jpg,40
image198.jpg,25
image199.jpg,21
image200.jpg,3
image201.jpg,25
image202.jpg,19
image203.jpg,22
image204.jpg,0
image205.jpg,18
image206.jpg,13
image207.jpg,20
image208.jpg,0
image209.jpg,5
image210.jpg,23
image211.jpg,30
image212.jpg,5
image213.jpg,8
image214.jpg,43
image215.jpg,26
image216.jpg,24
image217.jpg,28
image218.jpg,16
image219.jpg,8
image220.jpg,25
image221.jpg,17
image222.jpg,2
image223.jpg,30
image224.jpg,17
image225.jpg,0
image226.jpg,20
image227.jpg,22
image228.jpg,11
image229.jpg,23
image230.jpg,42
image231.jpg,20
image232.jpg,20
image233.jpg,44
image234.jpg,2
image235.jpg,27
image236.jpg,22
image237.jpg,9
image238.jpg,10
image239.jpg,34
image240.jpg,21
image241.jpg,23
image242.jpg,31
image243.jpg,5
image244.jpg,1
image245.jpg,36
image246.jpg,29
image247.jpg,24
image248.jpg,41
image249.jpg,7
image250.jpg,33
image251.jpg,41
image252.jpg,14
image253.jpg,18
image254.jpg,8
image255.jpg,30
image256.jpg,12
image257.jpg,10
image258.jpg,33
image259.jpg,24
image260.jpg,35
image261.jpg,33
image262.jpg,43
image263.jpg,37
image264.jpg,24
image265.jpg,11
image266.jpg,8
image267.jpg,19
image268.jpg,13
image269.jpg,32
image270.jpg,21
image271.jpg,39
image272.jpg,7
image273.jpg,36
image274.jpg,38
image275.jpg,19
image276.jpg,30
image277.jpg,13
image278.jpg,29
image279.jpg,12
image280.jpg,27
image281.jpg,39
image282.jpg,5
image283.jpg,11
image284.jpg,21
image285.jpg,1
image286.jpg,8
image287.jpg,0
image288.jpg,21
image289.jpg,6
image290.jpg,20
image291.jpg,6
image292.jpg,35
image293.jpg,23
image294.jpg,9
image295.jpg,9
image296.jpg,14
image297.jpg,9
image298.jpg,44
image299.jpg,9
image300.jpg,26
image301.jpg,9
image302.jpg,17
image303.jpg,34
image304.jpg,9
image305.jpg,32
image306.jpg,44
image307.jpg,25
image308.jpg,24
image309.jpg,32
image310.jpg,12
image311.jpg,11
image312.jpg,5
image313.jpg,30
image314.jpg,15
image315.jpg,29
image316.jpg,22
image317.jpg,25
image318.jpg,20
image319.jpg,9
image320.jpg,10
image321.jpg,41
image322.jpg,18
image323.jpg,17
image324.jpg,7
image325.jpg,40
image326.jpg,21
image327.jpg,42
image328.jpg,4
image329.jpg,29
image330.jpg,35
image331.jpg,43
image332.jpg,43
image333.jpg,14
image334.jpg,12
image335.jpg,2
image336.jpg,5
image337.jpg,15
image338.jpg,15
image339.jpg,4
image340.jpg,41
image341.jpg,20
image342.jpg,36
image343.jpg,13
image344.jpg,12
image345.jpg,43
image346.jpg,17
image347.jpg,43
image348.jpg,25
image349.jpg,37
image350.jpg,16
image351.jpg,0
image352.jpg,8
image353.jpg,38
image354.jpg,27
image355.jpg,16
image356.jpg,28
image357.jpg,6
image358.jpg,22
image359.jpg,25
image360.jpg,28
image361.jpg,41
image362.jpg,29
image363.jpg,35
image364.jpg,16
image365.jpg,29
image366.jpg,43
image367.jpg,30
image368.jpg,12
image369.jpg,12
image370.jpg,9
image371.jpg,32
image372.jpg,33
image373.jpg,11
image374.jpg,12
image375.jpg,21
image376.jpg,12
image377.jpg,9
image378.jpg,28
image379.jpg,40
image380.jpg,8
image381.jpg,38
image382.jpg,34
image383.jpg,3
image384.jpg,27
image385.jpg,36
image386.jpg,42
image387.jpg,15
image388.jpg,35
image389.jpg,6
image390.jpg,44
image391.jpg,43
image392.jpg,43
image393.jpg,27
image394.jpg,33
image395.jpg,35
image396.jpg,9
image397.jpg,11
image398.jpg,0
image399.jpg,33
image400.jpg,31
image401.jpg,10
image402.jpg,39
image403.jpg,20
image404.jpg,31
image405.jpg,16
image406.jpg,15
image407.jpg,12
image408.jpg,41
image409.jpg,28
image410.jpg,26
image411.jpg,44
image412.jpg,34
image413.jpg,35
image414.jpg,13
image415.jpg,11
image416.jpg,31
image417.jpg,32
image418.jpg,1
image419.jpg,1
image420.jpg,7
image421.jpg,39
image422.jpg,23
image423.jpg,36
image424.jpg,12
image425.jpg,14
image426.jpg,1
image427.jpg,30
image428.jpg,14
image429.jpg,38
image430.jpg,33
image431.jpg,36
image432.jpg,43
image433.jpg,19
image434.jpg,40
image435.jpg,4
image436.jpg,20
image437.jpg,44
image438.jpg,7
image439.jpg,38
image440.jpg,7
image441.jpg,17
image442.jpg,6
image443.jpg,0
image444.jpg,11
image445.jpg,34
image446.jpg,26
image447.jpg,18
image448.jpg,16
image449.jpg,15
image450.jpg,22
